,name,price,img
0,Women's Cap Sleeve Short Sleeve Summer Tank Tops V Neck Solid Color Casual Shirts Rolled Sleeves Loose Fit Basic Tunic Blouse,US$4.37,https://m.media-amazon.com/images/I/717U6IOBQTL._AC_UL320_.jpg
1,Women's Crop Tops Trendy Summer Solid Color Basic Tee Round Neck Button Down Short Sleeve Ribbed Knit Slim Fit T-Shirt Tops,US$4.82,https://m.media-amazon.com/images/I/71YBRwQkhEL._AC_UL320_.jpg
2,Marvel Mens' Superhero Icons Grid Distressed Print Vintage T-Shirt,US$19.95,https://m.media-amazon.com/images/I/61pnrOB4v7L._AC_UL320_.jpg
3,Marvel Superhero Mens' Character Group Kanji Design T-Shirt,US$19.95,https://m.media-amazon.com/images/I/61RGx6jQfCL._AC_UL320_.jpg
4,Marvel Men's X-Men Shirt Vintage 90s Cartoon Character And Logo Adult T-Shirt,US$17.95,https://m.media-amazon.com/images/I/61xz46Ae-lL._AC_UL320_.jpg
5,Tshirts for Women Round Neck Short Sleeve Loose Casual Summer Tops Floral Alphabet Print Graphic Tunic Shirt Relaxed Fit Tees,未标示价格,https://m.media-amazon.com/images/I/61cUUXeyCQL._AC_UL320_.jpg
6,Marvel Universe Neon Group Young Men's Short Sleeve Tee Shirt,US$34.99,https://m.media-amazon.com/images/I/61nSPUHr04L._AC_UL320_.jpg
7,Marvel Universe Weapon X Young Men's Short Sleeve Tee Shirt,未标示价格,https://m.media-amazon.com/images/I/61YVkIWWIHL._AC_UL320_.jpg
8,Marvel Universe Lightning Storm Young Men's Short Sleeve Tee Shirt,未标示价格,https://m.media-amazon.com/images/I/61ABhj83DeL._AC_UL320_.jpg
9,Marvel Universe Visions of Storm Young Men's Short Sleeve Tee Shirt,US$28.25,https://m.media-amazon.com/images/I/61aJTxKm5IL._AC_UL320_.jpg
10,Marvel Universe X Group Young Men's Short Sleeve Tee Shirt,未标示价格,https://m.media-amazon.com/images/I/61L4OVeDXtL._AC_UL320_.jpg
11,Marvel Universe Venom Classic Young Men's Short Sleeve Tee Shirt,US$28.25,https://m.media-amazon.com/images/I/510xV29QJuL._AC_UL320_.jpg
12,Marvel Universe Varsity Young Men's Short Sleeve Tee Shirt,US$26.78,https://m.media-amazon.com/images/I/51+BipS0eML._AC_UL320_.jpg
13,Marvel Universe Venom Young Men's Short Sleeve Tee Shirt,US$26.78,https://m.media-amazon.com/images/I/51fE-PcCygL._AC_UL320_.jpg
14,Marvel Universe Vintage Team Young Men's Short Sleeve Tee Shirt,US$25.27,https://m.media-amazon.com/images/I/6163AF5uwSL._AC_UL320_.jpg
15,Marvel Universe Vintage Logo Young Men's Short Sleeve Tee Shirt,US$26.78,https://m.media-amazon.com/images/I/51VSd6ALT+L._AC_UL320_.jpg
16,Marvel Universe X Arcade Fight Young Men's Short Sleeve Tee Shirt,US$25.27,https://m.media-amazon.com/images/I/61BmLWXCWkL._AC_UL320_.jpg
17,Avengers Superhero Men's Multiple Character Design Adult T-Shirt,US$17.95,https://m.media-amazon.com/images/I/71sX80B67KL._AC_UL320_.jpg
18,Marvel Universe Tingling Young Men's Short Sleeve Tee Shirt,US$26.84,https://m.media-amazon.com/images/I/71wdYaSZ3kL._AC_UL320_.jpg
19,Marvel Mens Avengers Loki Shirt - Loki The God of Mischief Tee - Loki The Trickster God T-Shirt,US$18.99,https://m.media-amazon.com/images/I/81or6ecrD7L._AC_UL320_.jpg
20,Marvel Universe Fan Letters Young Men's Short Sleeve Tee Shirt,未标示价格,https://m.media-amazon.com/images/I/61Mb+qllKSL._AC_UL320_.jpg
21,Marvel Universe Shinyshield Young Men's Short Sleeve Tee Shirt,US$25.27,https://m.media-amazon.com/images/I/51EMH0q8MML._AC_UL320_.jpg
22,Marvel Universe Grunge Thor Young Men's Short Sleeve Tee Shirt,US$22.76,https://m.media-amazon.com/images/I/51Bq3tAUQrL._AC_UL320_.jpg
23,Marvel Universe Deadpool Straightaway Young Men's Short Sleeve Tee Shirt,US$26.81,https://m.media-amazon.com/images/I/81Tow4woGYL._AC_UL320_.jpg
24,Marvel Universe Amazing Dad Young Men's Short Sleeve Tee Shirt,未标示价格,https://m.media-amazon.com/images/I/81Eqke51J4L._AC_UL320_.jpg
25,Marvel Universe Avengers Heroes Icon Young Men's Short Sleeve Tee Shirt,US$25.28,https://m.media-amazon.com/images/I/71bcCL5VDYL._AC_UL320_.jpg
26,Marvel Universe Venom Tri-Color Young Men's Short Sleeve Tee Shirt,US$25.27,https://m.media-amazon.com/images/I/61SHYI-GbaL._AC_UL320_.jpg
27,Marvel Universe Avengers Hands Young Men's Short Sleeve Tee Shirt,US$34.99,https://m.media-amazon.com/images/I/81i5DjY37VL._AC_UL320_.jpg
28,Marvel Universe Peter Venom Young Men's Short Sleeve Tee Shirt,US$25.28,https://m.media-amazon.com/images/I/81IolRKGrLL._AC_UL320_.jpg
29,"Marvel Men's Little, Big Multiverse of Madness Dr Strange Costume Girls Short Sleeve Tee Shirt",US$24.06,https://m.media-amazon.com/images/I/518BH2SqEOL._AC_UL320_.jpg
30,"Spidez T Shirt, Fanart No Way Home Shirt, Superhero Shirt, Gift Shirt for Men Women, T Shirt, Best Gift 2",US$20.99,https://m.media-amazon.com/images/I/518vhWJCKvL._AC_UL320_.jpg
31,Collection Spider Series Man Shirt for Men Women No Way Home Gift Friend Family marvek,US$24.99,https://m.media-amazon.com/images/I/61hU4RIlGvL._AC_UL320_.jpg
32,Marvel Deadpool Sorry Did I Offend 成人 T 恤图案 T 恤男式 T 恤,US$25.99,https://m.media-amazon.com/images/I/71VtzEwfGXL._AC_UL320_.jpg
33,Marvel Universe Avengers Heroes Young Men's Short Sleeve Tee Shirt,US$26.13,https://m.media-amazon.com/images/I/81cVTr6XUnL._AC_UL320_.jpg
34,Marvel Universe Entire Cast Young Men's Short Sleeve Tee Shirt,US$25.28,https://m.media-amazon.com/images/I/91g9EIfd0cL._AC_UL320_.jpg
35,Marvel Universe Mighty Thor Young Men's Short Sleeve Tee Shirt,US$26.13,https://m.media-amazon.com/images/I/817eoxOuGhL._AC_UL320_.jpg
36,Marvel Eternals Ajak Painted Graphic Young Men's Short Sleeve Tee Shirt,未标示价格,https://m.media-amazon.com/images/I/51HUJQLc+TL._AC_UL320_.jpg
37,Marvel Universe Urban_Hero Young Men's Short Sleeve Tee Shirt,US$29.81,https://m.media-amazon.com/images/I/81uOwQwFIPL._AC_UL320_.jpg
38,Marvel Universe Hot Head Young Men's Short Sleeve Tee Shirt,US$27.15,https://m.media-amazon.com/images/I/817KqdrslJL._AC_UL320_.jpg
39,Marvel Universe Riding Ants Young Men's Short Sleeve Tee Shirt,US$25.28,https://m.media-amazon.com/images/I/71dDHtaaHTL._AC_UL320_.jpg
40,Marvel Universe Pile Up Young Men's Short Sleeve Tee Shirt,US$25.28,https://m.media-amazon.com/images/I/913kOErdDIL._AC_UL320_.jpg
41,Marvel Universe Fan Avenge Reunite Young Men's Short Sleeve Tee Shirt,US$26.84,https://m.media-amazon.com/images/I/81J7SoE7mSL._AC_UL320_.jpg
42,Marvel Universe No One Young Men's Short Sleeve Tee Shirt,US$26.13,https://m.media-amazon.com/images/I/51p4oZ7hJVL._AC_UL320_.jpg
43,Marvel Eternals Issue Young Men's Short Sleeve Tee Shirt,US$24.80,https://m.media-amazon.com/images/I/614r+3f+OaL._AC_UL320_.jpg
44,Marvel Universe Spidey Heartbreaker Young Men's Short Sleeve Tee Shirt,US$27.96,https://m.media-amazon.com/images/I/81+iivwOJvL._AC_UL320_.jpg
45,SCREENSHOT 男式时髦嘻哈高级技术设计师 T 恤 - 时尚都市街头服饰最新纽约时尚 T 恤,US$26.99,https://m.media-amazon.com/images/I/71XQBLX-orL._AC_UL320_.jpg
46,Marvel Logo T-Shirt for Men by Our Universe,US$30.20,https://m.media-amazon.com/images/I/61FLCONE0lL._AC_UL320_.jpg
47,"You Can't Scare Me, I Have Two Daughters | 趣味爸爸可爱笑话男士 T 恤",US$34.95,https://m.media-amazon.com/images/I/71beR-f5CLL._AC_UL320_.jpg
48,Marvel The Avengers Loki I Do What I Want T-Shirt,US$22.90,https://m.media-amazon.com/images/I/51p5BHUb7dL._AC_UL320_.jpg
49,Marvel Men's The Punisher Skull Logo Icon T-Shirt,US$26.93,https://m.media-amazon.com/images/I/91Ms-0OaxhL._AC_UL320_.jpg
50,"demeao 美国国旗骷髅爱国军装衬衫,男式 T 恤",US$10.99US$17.99,https://m.media-amazon.com/images/I/61KGtkUeSQL._AC_UL320_.jpg
51,Marvel Spider-Man Mens' Wall Crawl Pose Comic Book Page Character T-Shirt,未标示价格,https://m.media-amazon.com/images/I/71vwqTK5LlL._AC_UL320_.jpg
52,Marvel Mens' Comic Book Avengers Villains Fight Half Crewneck Shirt,未标示价格,https://m.media-amazon.com/images/I/71jO-hnwYFL._AC_UL320_.jpg
53,Marvel Comics Retro Classic Amazing Spidey Young Men's Short Sleeve Tee Shirt,未标示价格,https://m.media-amazon.com/images/I/61DQ+9NTCjL._AC_UL320_.jpg
54,Spider-Man Vs The Symbiotes Venom and Carnage Comics Grey Graphic Tee Men's Adult T-Shirt,US$21.95,https://m.media-amazon.com/images/I/81PHZyYgpbL._AC_UL320_.jpg
55,Marvel X-Men Uncanny Storm and Ice Man Comics Blue Graphic Tee Men's Adult T-Shirt,US$21.95,https://m.media-amazon.com/images/I/71CHrWi80qL._AC_UL320_.jpg
56,Marvel Team Floats Eternals Adult Tee Graphic T-Shirt for Men Tshirt…,US$22.99,https://m.media-amazon.com/images/I/81gBGiW5XmL._AC_UL320_.jpg
57,Marvel Venom Heavy Metal Spider-Man Villain Comic Book Adult Mens Graphic T-Shirt,US$21.95,https://m.media-amazon.com/images/I/71JnZolwBYL._AC_UL320_.jpg
58,Marvel Venom Brite Box Spider-Man Villain Comic Book Adult Mens Long Sleeve Graphic T-Shirt,US$26.95,https://m.media-amazon.com/images/I/71QmiHUE7yL._AC_UL320_.jpg
59,Marvel Wanda Vision WandaVision Adult Tee Graphic T-Shirt for Men Tshirt,US$22.99,https://m.media-amazon.com/images/I/81olmLJl2CL._AC_UL320_.jpg
60,Marvel Punisher Skull Symbol Distressed Men's Wash T-Shirt,US$34.99,https://m.media-amazon.com/images/I/41FuZ1e+RmL._AC_UL320_.jpg
61,Marvel Spider-Man: No Way Home Mineral Wash T-Shirt for Men,US$26.40US$29.99,https://m.media-amazon.com/images/I/8109EtQ1NfL._AC_UL320_.jpg
62,Marvel Deadpool Sshhh No One Cares Adult Tee Graphic T-Shirt for Men Tshirt…,US$23.99,https://m.media-amazon.com/images/I/812l7Jd8biL._AC_UL320_.jpg
63,Marvel Zombie Captain America What If Adult Tee Graphic T-Shirt for Men Tshirt,US$22.99,https://m.media-amazon.com/images/I/81cmgGOj8nL._AC_UL320_.jpg
64,Marvel What If Group Guardians of The Multiverse Adult Tee Graphic T-Shirt for Men Tshirt…,US$22.99,https://m.media-amazon.com/images/I/811sBNxrJ1L._AC_UL320_.jpg
65,Marvel Wanda Vision WandaVision Adult Tee Graphic T-Shirt for Men Tshirt,US$22.99,https://m.media-amazon.com/images/I/81uxxWxn7jL._AC_UL320_.jpg
66,"男式图案 T 恤,棉质新颖时尚酷炫休闲趣味圆领短袖衬衫图案 T 恤",US$19.99,https://m.media-amazon.com/images/I/71Xg1cF7BOL._AC_UL320_.jpg
67,Marvel Venom Let There Be Carnage Spiderman 电影水彩艺术 T 恤 成人,US$24.99,https://m.media-amazon.com/images/I/71NXVkimqPL._AC_UL320_.jpg
68,"男士著名经典篮球 T 恤男友礼物,男士礼物 - 生日,送给丈夫、妻子、妈妈、兄弟的礼物",US$18.99US$20.99,https://m.media-amazon.com/images/I/61d33PTiEEL._AC_UL320_.jpg
69,Marvel Loki Crunch Thor Breakfast Avengers Adult T-Shirt,US$19.95,https://m.media-amazon.com/images/I/81MXXEZQ7yL._AC_UL320_.jpg
70,Marvel Unisex Adult Stark Industries T-Shirt (M) (Black/Red),未标示价格,https://m.media-amazon.com/images/I/61PosRgC-5L._AC_UL320_.jpg
71,"Gecaitez Men's T Shirt, Men's 3D Printing Graphic T Shirt, Soft and Comfortable Short-Sleeved T Shirt",未标示价格,https://m.media-amazon.com/images/I/61I1lbxl3uL._AC_UL320_.jpg
72,男士超级英雄压缩衬衫复仇者联盟内战风格美国队长 T 恤健身健身房角色扮演上衣,US$13.99US$20.99,https://m.media-amazon.com/images/I/71kokTTftQL._AC_UL320_.jpg
73,Marvel 美国队长做旧盾牌标志男式 T 恤,US$24.95,https://m.media-amazon.com/images/I/81O4WCVBiTL._AC_UL320_.jpg
74,Marvel 蜘蛛侠 No Way Home 三件套男式 T 恤,US$20.99US$25.00,https://m.media-amazon.com/images/I/617U6VsFv0L._AC_UL320_.jpg
75,Marvel 蜘蛛侠 No Way Home 黑白喷漆男式 T 恤,US$26.71,https://m.media-amazon.com/images/I/611lJdsdnpL._AC_UL320_.jpg
76,Deadpool Unisex Adult Splat T-Shirt,US$24.93,https://m.media-amazon.com/images/I/614qG3R+grL._AC_UL320_.jpg
77,Marvel Unisex Adult Stark Industries T-Shirt (S) (Black/Red),未标示价格,https://m.media-amazon.com/images/I/61PosRgC-5L._AC_UL320_.jpg
78,Marvel Men's Universe T-Shirt,未标示价格,https://m.media-amazon.com/images/I/61c6f6isb4L._AC_UL320_.jpg
79,Marvel Men's Spider-Man No Way Home Strange Portrait T-Shirt,US$22.60US$25.00,https://m.media-amazon.com/images/I/61CH5UFbu9L._AC_UL320_.jpg
80,Marvel Fantastic Four 4 Team Four Adult Tee Graphic T-Shirt for Men Tshirt,US$22.99,https://m.media-amazon.com/images/I/814FbwZWE5L._AC_UL320_.jpg
81,蜘蛛侠男式 T 恤 - 双蜘蛛侠 Miles Morales 黑色西装和经典蜘蛛侠衬衫,US$22.99,https://m.media-amazon.com/images/I/71wd8j4eb8L._AC_UL320_.jpg
82,Marvel Shang-Chi Logo Comic Adult Tee Graphic T-Shirt for Men Tshirt,US$24.99,https://m.media-amazon.com/images/I/81kTmOQfb0L._AC_UL320_.jpg
83,Marvel Comics Unisex T-Shirt: WandaVision Westview - Large - White - Unisex,US$19.64,https://m.media-amazon.com/images/I/51gEatWa1HL._AC_UL320_.jpg
84,Marvel Comics Unisex T-Shirt: WandaVision Red Logo Cartoon - Large - Blue - Unisex,US$19.64,https://m.media-amazon.com/images/I/51WBNU1ld3L._AC_UL320_.jpg
85,Marvel 雷神绿巨人钢铁侠复仇者联盟蜘蛛侠 Daredevil 奇怪 Loki Thanos 成人 T 恤图案 T 恤男式 T 恤服装,US$27.99,https://m.media-amazon.com/images/I/71MYyVkF5kL._AC_UL320_.jpg
86,Marvel Avengers Team Retro Comic Vintage Men's Wash T-Shirt,US$34.99,https://m.media-amazon.com/images/I/610I6CsWQ8L._AC_UL320_.jpg
87,Marvel Paint Drip Logo Men's Tie Dye T-Shirt,未标示价格,https://m.media-amazon.com/images/I/51U3jkg9hEL._AC_UL320_.jpg
88,Marvel Avengers Team Retro Comic Vintage Men's Tie Dye T-Shirt,US$34.99,https://m.media-amazon.com/images/I/61v5N3uETTL._AC_UL320_.jpg
89,Funko The Mandalorian T-Shirt Size XL,US$32.80,https://m.media-amazon.com/images/I/91M8AJBaeQL._AC_UL320_.jpg
90,Marvel Wanda Vision Witch WandaVision Adult Tee Graphic T-Shirt for Men Tshirt,US$22.99,https://m.media-amazon.com/images/I/81n+GrBuTXL._AC_UL320_.jpg
91,Marvel Spider-Man 90's Japanese Kanji Comics Adult Unisex 100% Cotton Long Sleeve Crew T-Shirt,US$26.95,https://m.media-amazon.com/images/I/81U6fAlTeVL._AC_UL320_.jpg
92,What If T Shirt T'challa Star Lord Official Marvel Comics Mens Black,US$17.98,https://m.media-amazon.com/images/I/71pvI9VlveL._AC_UL320_.jpg
93,What If T Shirt Thor Party Logo Official Marvel Comics Mens Black,US$17.98,https://m.media-amazon.com/images/I/51N-GI7rbdL._AC_UL320_.jpg
94,What If T Shirt I Am The Watcher Official Marvel Comics Mens Grey,US$17.98,https://m.media-amazon.com/images/I/51tyg2JKd2L._AC_UL320_.jpg
95,What If T Shirt Hydra Stomper Official Marvel Comics Mens Grey,US$17.98,https://m.media-amazon.com/images/I/51uTZGKxvxL._AC_UL320_.jpg
96,Marvel Venom Dark Reflection Spider-Man Adult T-Shirt,US$21.95,https://m.media-amazon.com/images/I/71G00MZtMIL._AC_UL320_.jpg
97,"LEGO 乐高 男式 T 恤,男士 T 恤",US$18.99US$21.99,https://m.media-amazon.com/images/I/81IEvx6UMRL._AC_UL320_.jpg
98,Marvel Men's Universe Black Widow T-Shirt,US$25.32,https://m.media-amazon.com/images/I/61uYPAeFnNL._AC_UL320_.jpg
99,Marvel Men's Universe Grunge Heroes T-Shirt,US$25.32,https://m.media-amazon.com/images/I/61q1MOHwXFL._AC_UL320_.jpg
100,Marvel Men's Universe Wolverine 90s T-Shirt,US$26.06,https://m.media-amazon.com/images/I/51gdLu3Nz9L._AC_UL320_.jpg
101,Marvel X-Men 90's Wolverine Variant Cover Tee Men's Graphic T-Shirt,未标示价格,https://m.media-amazon.com/images/I/71mLYCcUxiL._AC_UL320_.jpg
102,Marvel Men's Universe Wolverine T-Shirt,未标示价格,https://m.media-amazon.com/images/I/51114dbodOL._AC_UL320_.jpg
103,Marvel Men's Universe Wolverine Night T-Shirt,US$24.24,https://m.media-amazon.com/images/I/61eBXA0mdNL._AC_UL320_.jpg
104,Wandavision T Shirt Westview Logo Official Marvel Comics Mens White Size XL,US$19.64,https://m.media-amazon.com/images/I/51gEatWa1HL._AC_UL320_.jpg
105,Wandavision T Shirt Red Logo Cartoon Official Marvel Comics Mens Navy Blue Size M,US$19.64,https://m.media-amazon.com/images/I/51WBNU1ld3L._AC_UL320_.jpg
106,Wandavision T Shirt Red Logo Cartoon Official Marvel Comics Mens Navy Blue Size XL,US$19.64,https://m.media-amazon.com/images/I/51WBNU1ld3L._AC_UL320_.jpg
107,Wandavision T Shirt Red Logo Cartoon Official Marvel Comics Mens Navy Blue Size XXL,US$19.64,https://m.media-amazon.com/images/I/51WBNU1ld3L._AC_UL320_.jpg
108,Wandavision T Shirt Westview Logo Official Marvel Comics Mens White Size M,US$19.64,https://m.media-amazon.com/images/I/61Y87sq6JPL._AC_UL320_.jpg
109,Wandavision T Shirt Westview Logo Official Marvel Comics Mens White Size XXL,US$19.64,https://m.media-amazon.com/images/I/51gEatWa1HL._AC_UL320_.jpg
110,Marvel Men's Eternals Shirt Assemble Character Line-Up Adult Comic Film T-Shirt Tee,未标示价格,https://m.media-amazon.com/images/I/71ywY316e9L._AC_UL320_.jpg
111,Marvel Kawaii Crew Characters Assembled Adult Tee Graphic T-Shirt for Men Tshirt,US$22.99,https://m.media-amazon.com/images/I/71GAz+xjsPL._AC_UL320_.jpg
112,CUICAN MF Doom 衬衫海报 T 恤男士女士儿童柔软短袖 T 恤黑色,US$22.98,https://m.media-amazon.com/images/I/71JdnpbDPJL._AC_UL320_.jpg
113,Hiopeel 男式衬衫夏季超级英雄短袖圆领 T 恤炫酷男士衬衫,US$18.99,https://m.media-amazon.com/images/I/61QWGGM8EeL._AC_UL320_.jpg
114,Alomama 卡通人物朋友男士青色浅色男士女士衬衫 T 恤,US$20.99,https://m.media-amazon.com/images/I/61yTqmMV4UL._AC_UL320_.jpg
115,Marvel Avengers 银河护卫队 Team Up All Time 男士成人图案 T 恤,US$29.95,https://m.media-amazon.com/images/I/71HNclTQkpL._AC_UL320_.jpg
116,Deadpool Men's Marvel Comics MERC with A Mouth Slim Fit T-Shirt Large Black,US$19.64,https://m.media-amazon.com/images/I/51LRj1vtawS._AC_UL320_.jpg
117,Deadpool Men's Marvel Comics Comic MERC Slim Fit T-Shirt Black,US$19.64,https://m.media-amazon.com/images/I/51I5CAF8nVS._AC_UL320_.jpg
118,Deadpool Men's Marvel Comics MERC with A Mouth Slim Fit T-Shirt Small Black,US$19.64,https://m.media-amazon.com/images/I/51LRj1vtawS._AC_UL320_.jpg
119,Marvel Venom Tongue Spider-Man Villain Comic Book Adult Mens Graphic T-Shirt,US$21.95,https://m.media-amazon.com/images/I/717JzscJIjL._AC_UL320_.jpg
120,Deadpool Men's Marvel Comics Birthday Selfie Slim Fit T-Shirt Ecru,US$19.64,https://m.media-amazon.com/images/I/61nQdaiuhlS._AC_UL320_.jpg
121,Deadpool Men's Marvel Comics Made in The 90s Slim Fit T-Shirt Large Black,US$19.64,https://m.media-amazon.com/images/I/51-FrIWXsKS._AC_UL320_.jpg
122,FEA Merchandising 男式 9 英寸指甲成人短袖 T 恤,US$22.69,https://m.media-amazon.com/images/I/51bX51f08QS._AC_UL320_.jpg
123,Marvel 死侍 to Do 列表趣味幽默成人 T 恤图案 T 恤男士黑色服装,US$27.99,https://m.media-amazon.com/images/I/71RwfYu5ZzS._AC_UL320_.jpg
124,JERQUEE 儿童 Play-Chu-CKY 成人新奇恐怖男士短袖 T 恤,US$17.99,https://m.media-amazon.com/images/I/61KLSzdHm-L._AC_UL320_.jpg
125,Peanuts - Cuter Cupid - Men's Short Sleeve Graphic T-Shirt,US$14.99,https://m.media-amazon.com/images/I/71+1lxEacuS._AC_UL320_.jpg
126,Spiderman You See Miles Morales Comic Book Adult Tee Graphic T-Shirt for Men Tshirt,US$22.99,https://m.media-amazon.com/images/I/81igGFWX7cL._AC_UL320_.jpg
127,STAR WARS Child No Place Yoda Mandalorian Adult Tee Graphic T-Shirt for Men Tshirt,US$22.99,https://m.media-amazon.com/images/I/71y582MFatS._AC_UL320_.jpg
128,Comic Book Mens Tshirt Gift Funny Cool Anime Hero Logo Shirts for Teenage Teen Boys Kids Short Sleeves Summer Holiday Present,US$9.99,https://m.media-amazon.com/images/I/61HvVRwQFFS._AC_UL320_.jpg
129,Marvel Graphic Tees Mens Shirts - X-Men T Shirt - 90's Team Shirts for Men,US$25.95,https://m.media-amazon.com/images/I/81lLOFGXrIS._AC_UL320_.jpg
130,漫画标志托尔绿巨人钢铁侠复仇者联盟蜘蛛侠 daredevil 奇怪的 LOKI THANOS 成人男式图案 t 恤 t 恤 apparel 黑色,US$23.52,https://m.media-amazon.com/images/I/81ccnqWihfS._AC_UL320_.jpg
131,Marvel What If Zombie Captain America Adult T-Shirt,US$19.95,https://m.media-amazon.com/images/I/71V82YVpHWS._AC_UL320_.jpg
132,Marvel Mens T-Shirt Loki,US$21.95,https://m.media-amazon.com/images/I/81aiWouxqcS._AC_UL320_.jpg
133,FERNWEH Mens Round-Neck Printed Cotton Mens Tshirt,US$15.00,https://m.media-amazon.com/images/I/71K9bxqVcCL._AC_UL320_.jpg
134,Pengzitou 男式图案 T 恤 - 酷炫设计图案短袖 T 恤,US$20.99,https://m.media-amazon.com/images/I/71D0v4IbTUS._AC_UL320_.jpg
135,Marvel 死侍骑着彩虹独角兽 T 恤,US$24.99,https://m.media-amazon.com/images/I/81akSw9zMiL._AC_UL320_.jpg
136,Marvel 男式 Wolverine 经典角色徽标 T 恤,US$22.99,https://m.media-amazon.com/images/I/81X5j+FDOqL._AC_UL320_.jpg
137,Veno Face Shirts We are Veno Dripping Black T-Shirt for Men,US$18.99,https://m.media-amazon.com/images/I/71asLHLSqoL._AC_UL320_.jpg
138,Top Pop | 趣味 80 年代爸爸幽默电影枪 20 世纪 80 年代军队空军男士流行 T 恤,US$16.95,https://m.media-amazon.com/images/I/815SN2wkXBL._AC_UL320_.jpg
139,Marvel Spider-Man Venom Logo Graphic Hero Villain Men's T Shirt,US$19.99,https://m.media-amazon.com/images/I/81berXgUkLL._AC_UL320_.jpg
140,Marvel X-Men Group Shot Logo Retro Design Men's T Shirt,US$14.99,https://m.media-amazon.com/images/I/61ul+nbLayL._AC_UL320_.jpg
141,Keasmto 3D 打印拉面酷鸡牛肉 T 恤夏季短袖男女款,US$14.99,https://m.media-amazon.com/images/I/71D2fRjAQzL._AC_UL320_.jpg
142,Marvel Comics Text Brand Spider-Man Themed T-Shirt,未标示价格,https://m.media-amazon.com/images/I/51NccGcWr9S._AC_UL320_.jpg
143,AVATAR The Last Airbender Shirt - Mens The Last Airbender Short Sleeve Tee,US$7.99US$9.99,https://m.media-amazon.com/images/I/71coGy6+LlL._AC_UL320_.jpg
144,Marvel Avengers Black Widow Movie Poster T-Shirt,US$22.95,https://m.media-amazon.com/images/I/71KJmGCiogL._AC_UL320_.jpg
145,Marvel Venom Face Adult T-Shirt for Men,未标示价格,https://m.media-amazon.com/images/I/71kpwxMKX8L._AC_UL320_.jpg
146,Marvel Unisex Adult Japanese Venom T-Shirt,US$17.20,https://m.media-amazon.com/images/I/61S+HIM5p8L._AC_UL320_.jpg
147,Marvel Avengers Endgame 'Thor Photo' (Black) T-Shirt (small),US$22.09,https://m.media-amazon.com/images/I/61xdpdM3HUL._AC_UL320_.jpg
148,Marvel Avengers Endgame 'Thor Photo' (Black) T-Shirt (medium),US$22.09,https://m.media-amazon.com/images/I/61xdpdM3HUL._AC_UL320_.jpg
149,Marvel Graphic Tees Mens Shirts - X-Men T Shirt - Rogue Circle Comics Shirts for Men,US$19.95,https://m.media-amazon.com/images/I/714AkZg2FVL._AC_UL320_.jpg
150,Marvel Graphic Tees Mens Shirts - X-Men T Shirt - Psylocke Cover Shirts for Men,US$21.95,https://m.media-amazon.com/images/I/71k6hvHfATL._AC_UL320_.jpg
151,Star Wars 曼达洛人赏金猎人婴儿尤达成人 T 恤,US$24.99,https://m.media-amazon.com/images/I/81-bimqnBPL._AC_UL320_.jpg
152,"Marvel Mens Comics Avengers Shirt - Spiderman, Ironman, Captain America & Hulk Tee - Throwback Classic T-Shirt",US$16.99,https://m.media-amazon.com/images/I/61Koz9I42hL._AC_UL320_.jpg
153,Men's Marvel SAGA Iron Man T-Shirt,未标示价格,https://m.media-amazon.com/images/I/81A3bCadmTL._AC_UL320_.jpg
154,Marvel 男士 Guardians of The Galaxy Groot Today I Feel 成人 T 恤,US$17.95,https://m.media-amazon.com/images/I/81xBGwew3pL._AC_UL320_.jpg
155,Marvel 蜘蛛侠 Miles Morales 男式短袖 T 恤,US$17.99,https://m.media-amazon.com/images/I/61zbv8FijCL._AC_UL320_.jpg
156,Marvel Graphic Tees Mens Shirts - X-Men VS Apocalypse T Shirt - Shirts for Men,未标示价格,https://m.media-amazon.com/images/I/81rkMtMjWRL._AC_UL320_.jpg
157,Marvel Mens Comics Group Shirt - Venom Mens Tee - Throwback Classic T-Shirt,US$15.99US$16.99,https://m.media-amazon.com/images/I/81epEtjkp5L._AC_UL320_.jpg
158,男士 The Dadalorian Like A Dad Just Way Cooler T 恤父亲节礼物彩色复古字母印花 T 恤,US$15.99,https://m.media-amazon.com/images/I/61bRFfUHwNL._AC_UL320_.jpg
159,Marvel Mens Comics Group Shirt - X-Men Phoenix Mens Tee - Throwback Classic T-Shirt,US$19.99,https://m.media-amazon.com/images/I/811UFDgXsnL._AC_UL320_.jpg
160,Marvel Mens Comics Group Shirt - X-Men Wolverine Mens Tee - Throwback Classic T-Shirt,US$19.99,https://m.media-amazon.com/images/I/81JmyuNn9uL._AC_UL320_.jpg
161,Marvel Mens Comics Group Shirt - X-Men Gambit Mens Tee - Throwback Classic T-Shirt,US$16.99,https://m.media-amazon.com/images/I/81SCdvzSZiL._AC_UL320_.jpg
162,Marvel Mens Comics Group Shirt - Venom Mens Tee - Throwback Classic T-Shirt,US$17.40,https://m.media-amazon.com/images/I/812tIvsiEUL._AC_UL320_.jpg
163,Marvel Miles Morales 终极蜘蛛侠 Gamerverse 标志男式 T 恤,US$14.95,https://m.media-amazon.com/images/I/71bUee58raL._AC_UL320_.jpg
164,Marvel Captain America Classic Avengers Shield Logo Mens T-Shirt,US$19.95,https://m.media-amazon.com/images/I/61yq0aR-KlL._AC_UL320_.jpg
165,Marvel 经典复仇者绿巨人雷神钢铁侠男式 T 恤,US$19.95,https://m.media-amazon.com/images/I/81kEuqPZUSL._AC_UL320_.jpg
166,I Paused My Game to Be Here T 恤玩家礼物男士游戏搞笑图案 T 恤,US$18.95,https://m.media-amazon.com/images/I/71lw4tLgCJL._AC_UL320_.jpg
167,Marvel 钢铁侠 Stark Industries T 恤,US$26.95,https://m.media-amazon.com/images/I/81kICkrcO+L._AC_UL320_.jpg
168,Marvel 复仇者联盟 X 战警 Xavier Institute 标志神奇四侠 X-Force 成人 T 恤图案 T 恤 男式 T 恤,US$24.99,https://m.media-amazon.com/images/I/51DynW0CrqL._AC_UL320_.jpg
169,Marvel Logo Ironman Iron Man Avengers Super Hero Adult Graphic Men's T-Shirt Tall,US$24.99,https://m.media-amazon.com/images/I/61yt0NUdhEL._AC_UL320_.jpg
170,Eagle Old Glory T 恤,US$21.95,https://m.media-amazon.com/images/I/51WoGV-thIL._AC_UL320_.jpg
171,Marvel Graphic Tees Mens Shirts - Astonishing X-Men Age of Apocalypse T Shirt - Shirts for Men,US$19.95,https://m.media-amazon.com/images/I/81S6+1-bbwL._AC_UL320_.jpg
172,SuperHeroStuff Men's Marvel Universe Tchalla Unmasked T-Shirt,US$24.59,https://m.media-amazon.com/images/I/917NrzIw1-L._AC_UL320_.jpg
173,Marvel Graphic Tees Mens Shirts - X-Men T Shirt - Covershot Comic Shirts for Men,未标示价格,https://m.media-amazon.com/images/I/81R+OZyDhoL._AC_UL320_.jpg
174,Marvel Graphic Tees Mens Shirts - X-Men T Shirt - X-Cutioner Song Shirts for Men,未标示价格,https://m.media-amazon.com/images/I/8145WUWQSSL._AC_UL320_.jpg
175,Bioworld Black Panther Men's Black T-Shirt,未标示价格,https://m.media-amazon.com/images/I/71NvyAKoKnL._AC_UL320_.jpg
176,Marvel 标志黑豹复仇者超级英雄成人 T 恤图案 T 恤男士 T 恤服装服装,US$24.99,https://m.media-amazon.com/images/I/617AC0r3mnL._AC_UL320_.jpg
177,Marvel Comics Men's Distressed Logo Slim Fit T-Shirt Blue,US$21.52,https://m.media-amazon.com/images/I/7195tCbDvuL._AC_UL320_.jpg
178,Marvel Comics Men's Box Logo Slim Fit T-Shirt Navy,US$21.52,https://m.media-amazon.com/images/I/51mhCq7qjbS._AC_UL320_.jpg
179,"Marvel Mens Comics Group Shirt - Spiderman, Ironman, Captain America & Hulk Tee - Throwback Classic T-Shirt",US$15.99US$16.99,https://m.media-amazon.com/images/I/81BaAiafeZL._AC_UL320_.jpg
180,"Funko 漫威收藏队订购盒,X 战警电影 20 周年主题,2020 年 7 月",-,https://m.media-amazon.com/images/I/81yLkovmvcL._AC_UL320_.jpg
181,Black Widow Movie Global Poster Fitted Jersey tee,未标示价格,https://m.media-amazon.com/images/I/712SrCNb6LL._AC_UL320_.jpg
182,Prince Official 紫色雨渍黑色 T 恤,US$28.24,https://m.media-amazon.com/images/I/81Jhq0mcw0L._AC_UL320_.jpg
183,Marvel Comics T Shirt Warped Logo Official Mens Maroon Red Size XXL,US$26.34,https://m.media-amazon.com/images/I/61IgKAB++VL._AC_UL320_.jpg
184,Men's Marvel X-Men Gambit Playing Card T-Shirt,未标示价格,https://m.media-amazon.com/images/I/71MOAQr4KBL._AC_UL320_.jpg
185,Marvel Black Panther Jungle Lord T'challa Graphic T-Shirt,US$19.95,https://m.media-amazon.com/images/I/71U8-cOWe4L._AC_UL320_.jpg
186,黑色 P-Anther Chadwick B-oseman 衬衫男士女士男孩女孩3D打印短袖 T 恤,US$15.30US$17.39,https://m.media-amazon.com/images/I/61LgfhOqhEL._AC_UL320_.jpg
187,Marvel 经典标志成人 T 恤图案 T 恤男式 T 恤服装,US$24.99,https://m.media-amazon.com/images/I/71u+DH9uDAL._AC_UL320_.jpg
188,Marvel Graphic Tees Mens Shirts - Scarlet Witch by Kirs Anka T Shirt - Anka Shirts for Men,未标示价格,https://m.media-amazon.com/images/I/71oZZPNgMeL._AC_UL320_.jpg
189,Marvel Graphic Tees Mens Shirts - Villains Logo T Shirt - Black Shirts for Men,US$24.95,https://m.media-amazon.com/images/I/71MoIb3YSoL._AC_UL320_.jpg
190,Marvel 80 年代美国队长复仇者超级英雄成人 T 恤图案 T 恤服装服装,US$27.99,https://m.media-amazon.com/images/I/81qGkZhI6NL._AC_UL320_.jpg
191,Captain Marvel Mens T-Shirt - Silhouette with Stylized Jet Filled Background,US$21.99,https://m.media-amazon.com/images/I/81YCmGrI3cL._AC_UL320_.jpg
192,When This Virus is Over 2021 图案新奇讽刺趣味 T 恤,未标示价格,https://m.media-amazon.com/images/I/51w-qSOdd3L._AC_UL320_.jpg
193,"Marvel Men's Universe Retro T-Shirt, Charcoal, 3X-Large",US$24.56,https://m.media-amazon.com/images/I/71V6gKubBgL._AC_UL320_.jpg
194,优质男式美国自由 T 恤 - 爱国 T 恤 - 美国战术旗,US$19.95,https://m.media-amazon.com/images/I/91-yGrdCjWL._AC_UL320_.jpg
195,Magpul CVC 男士圆领短袖 T 恤,US$24.95,https://m.media-amazon.com/images/I/71kVNWWUzIL._AC_UL320_.jpg
196,"Jesus Superheros 基督教 T 恤,and That's How I Saved The World 趣味蜘蛛侠下方",US$18.99,https://m.media-amazon.com/images/I/710Ym8UoScL._AC_UL320_.jpg
197,X-Men Marvel Comics Comic Book Cover White Graphic T-Shirt,未标示价格,https://m.media-amazon.com/images/I/61ojpMHqLdL._AC_UL320_.jpg
198,Marvel Men's Miles Morales Game Title T-Shirt,US$20.70,https://m.media-amazon.com/images/I/71YQ0N6MpoL._AC_UL320_.jpg
199,Marvel Comics Deadpool Surrounded by Greatness Black Graphic T-Shirt,US$14.99,https://m.media-amazon.com/images/I/81PPPhTZ3xL._AC_UL320_.jpg
200,Periodic Table of Superheroes Men's Graphic T-Shirt,US$19.25,https://m.media-amazon.com/images/I/61N+3TkGQCL._AC_UL320_.jpg
201,Marvel Deadpool Mercenary for Hire Adult T-Shirt Licensed Comics,US$20.99,https://m.media-amazon.com/images/I/61IIFA0D93L._AC_UL320_.jpg
202,Smash Hulk Fist Super Hero Gym Training Mens Black T-Shirt,US$16.99,https://m.media-amazon.com/images/I/71NbRdpJCwL._AC_UL320_.jpg
203,This is What an Awesome Grandpa Looks Like 成人 T 恤,未标示价格,https://m.media-amazon.com/images/I/71ddJNzcQmL._AC_UL320_.jpg
204,Marvel Comics Men's Punisher Skull Logo T-Shirt,US$13.49,https://m.media-amazon.com/images/I/61iy-V0-cSL._AC_UL320_.jpg
205,Marvel Universe Adult Captain America Athletic Sublimation Costume T Shirt For Men,US$16.95,https://m.media-amazon.com/images/I/81PK41ca-qL._AC_UL320_.jpg
206,GRATJCIN 男式 3D 打印现实西装燕尾服长袖 T 恤,未标示价格,https://m.media-amazon.com/images/I/71LLVQO732L._AC_UL320_.jpg
207,Marvel 复仇者联盟表情蜘蛛侠绿巨人雷神钢铁侠黑豹美国男士成人图案 T 恤,US$22.99,https://m.media-amazon.com/images/I/71QmHzHX2yL._AC_UL320_.jpg
208,C-Life Black Panther Men's Gray Crew Neck T-Shirt,US$17.99,https://m.media-amazon.com/images/I/81YqUZHK6ML._AC_UL320_.jpg
209,Marvel Color Daze Adult Tee Graphic T-Shirt for Men Tshirt Long Sleeve,US$29.99,https://m.media-amazon.com/images/I/71eBeNU1ifL._AC_UL320_.jpg
210,STAR WARS The Child and Mandalorian Baby Yoda Adult Tee Graphic T-Shirt for Men Tshirt,US$22.99,https://m.media-amazon.com/images/I/81HeKydMfEL._AC_UL320_.jpg
211,"Marvel Mens Comics Group Shirt - Spiderman, Ironman, Captain America & Hulk Tee - Throwback Classic T-Shirt",US$19.99,https://m.media-amazon.com/images/I/71irJ22dyVL._AC_UL320_.jpg
212,Disney Toy Story Men's Mr. Potato Head Large Face Costume Adult T-Shirt,US$22.98,https://m.media-amazon.com/images/I/71oDn0yFo2S._AC_UL320_.jpg
213,Marvel Comics Mens T-Shirt - Giant Sea of Characters Surrounding Logo,US$21.99,https://m.media-amazon.com/images/I/91Ah2tkhiYL._AC_UL320_.jpg
214,Marvel Comics Mens T-Shirt - Giant Battle Ready Group Under White Logo,US$21.99,https://m.media-amazon.com/images/I/81PduoSNS4L._AC_UL320_.jpg
215,Marvel Comics Mens T-Shirt - Avengers & Spider-Man Rushing Through Logo Image,US$21.99,https://m.media-amazon.com/images/I/91XwdUq1TkL._AC_UL320_.jpg
216,Marvel Comics Mens T-Shirt - Heads Weapons Symbols Distressed Image,US$21.99,https://m.media-amazon.com/images/I/819t-wqquiL._AC_UL320_.jpg
217,Captain Marvel Mens T-Shirt - Movie Style Fully Outfitted Captain Marvel Image,US$21.99,https://m.media-amazon.com/images/I/91rjp8oBntL._AC_UL320_.jpg
218,Marvel Super Heroes Mens T-Shirt - Distressed 121 Cover Group Image,US$21.99,https://m.media-amazon.com/images/I/91inMxjz2QL._AC_UL320_.jpg
219,漫威男式超级英雄 PASTEL 短袖图案 t 恤,未标示价格,https://m.media-amazon.com/images/I/91XXm0g8kXL._AC_UL320_.jpg
220,Jac-ks-on 5 70's Cartoon Retro Vintage Casual Fashion Men's Ringer T-Shirt(S-XXL),US$26.99,https://m.media-amazon.com/images/I/619nqWUPLqL._AC_UL320_.jpg
221,Marvel Graphic Tees Mens Shirts - Deadpool & Cable T Shirt - X-Men Shirts for Men,未标示价格,https://m.media-amazon.com/images/I/71BQnMj4++L._AC_UL320_.jpg
222,NeeNoNex 经典印花燕尾服舞会婚礼派对男士 T 恤,US$14.95US$16.95,https://m.media-amazon.com/images/I/61HRIL5SJOL._AC_UL320_.jpg
223,Marvel Men's Hero Elite Series Icon Performance Shirt,US$12.99,https://m.media-amazon.com/images/I/91EEzSTaTpL._AC_UL320_.jpg
224,Marvel Comics Girls Juniors V-Neck T-Shirt - White Boxed Character Pile Image,未标示价格,https://m.media-amazon.com/images/I/81YT7yOX0hL._AC_UL320_.jpg
225,Mens Promoted to Uncle 2021 Tshirt Funny New Baby Family Graphic Tee,US$12.99,https://m.media-amazon.com/images/I/81pbVhqiFNL._AC_UL320_.jpg
226,Marvel Men's Black Widow Movie Art T-Shirt,US$23.10,https://m.media-amazon.com/images/I/71+JSegmhKL._AC_UL320_.jpg
227,Marvel Group Shot Black Graphic T-Shirt,未标示价格,https://m.media-amazon.com/images/I/710m5CVpqbL._AC_UL320_.jpg
228,Marvel Graphic Tees Mens Shirts - Spider-Man Come at Me Brock T Shirt - Cotton Shirts for Men,US$13.95US$14.95,https://m.media-amazon.com/images/I/71cNiXrlRGL._AC_UL320_.jpg
229,Mens T-Shirt Medium Iron Man Men's Graphic Crewneck White M,US$24.00,https://m.media-amazon.com/images/I/61isWsj7cCL._AC_UL320_.jpg
230,5 件装:男式 V 领干爽吸湿排汗运动技术性能 T 恤,US$30.99US$60.00,https://m.media-amazon.com/images/I/91y80U6J+AL._AC_UL320_.jpg
231,Thor Mens T-Shirt - Mighty Marvel Comic Hero in 3 Color Line Frame,US$22.99,https://m.media-amazon.com/images/I/91CMycNolTL._AC_UL320_.jpg
232,Captain Marvel Mens T-Shirt - Full Costumed Flying Power Distressed Image,未标示价格,https://m.media-amazon.com/images/I/81518KCnHsL._AC_UL320_.jpg
233,星球大战男式经典 T 恤男式时尚衬衫 - 黑武士、C3PO、R2D2 和 Strom Trooper,US$17.99,https://m.media-amazon.com/images/I/61PZJTgrUfL._AC_UL320_.jpg
234,Wolverine Marvel Mens T-Shirt - Slashing Stance Under Red Name Image,未标示价格,https://m.media-amazon.com/images/I/81JbQ3Bi7-L._AC_UL320_.jpg
235,Marvel Graphic Tees Mens Shirts - X-Men Villains T Shirt - X-Men Villains Shirts for Men,US$19.95,https://m.media-amazon.com/images/I/61ya+qdonpL._AC_UL320_.jpg
236,Marvel Avengers T Shirt Portraits Logo Official Mens White Size S,US$18.17,https://m.media-amazon.com/images/I/61is9wf8KEL._AC_UL320_.jpg
237,Captain Marvel Mens T-Shirt- Higher Further Faster Yellow Star Globe Image,US$22.99,https://m.media-amazon.com/images/I/910i9958jtL._AC_UL320_.jpg
238,Linnhoy 中性休闲衬衫 3D 图形印花 T 恤男女短袖上衣 T 恤,未标示价格,https://m.media-amazon.com/images/I/71tEm3mf83L._AC_UL320_.jpg
239,INTO THE AM 图案 T 恤 - 酷炫短袖图案 T 恤,US$24.95,https://m.media-amazon.com/images/I/61xkRTH5YvL._AC_UL320_.jpg
240,Marvel Graphic Tees Mens Shirts - X-Men T Shirt - Animated Series Shirts for Men,US$19.95,https://m.media-amazon.com/images/I/71rx3k1SNiL._AC_UL320_.jpg
241,Deadpool (Marvel Comics) Mens T-Shirt - Deadpool in Logo Image,未标示价格,https://m.media-amazon.com/images/I/81IiH69-5yL._AC_UL320_.jpg
242,Tee Luv Bazooka Bubble Gum Shirt - Retro Topps Candy Ringer Tee Shirt,US$22.97,https://m.media-amazon.com/images/I/81bs6a2VuUL._AC_UL320_.jpg
243,Marvel 漫威男式漫画组衬衫 - 蜘蛛侠、钢铁侠、美国队长和绿巨人 T 恤 - 复古经典 T 恤,US$16.99,https://m.media-amazon.com/images/I/813dDjN01dL._AC_UL320_.jpg
244,Marvel X-Men Graphic T-Shirts Crew Neck Unisex Adult Tees for Men & Women Jubilee Sparks Comics Official Short Sleeve Green T-Shirt,US$21.95,https://m.media-amazon.com/images/I/71u0+8RflPL._AC_UL320_.jpg
245,Deadpool Logo Fill Funny Humor Pun Avengers X-Men Dead Pool Graphic Men's Adult T-Shirt Tee Apparel,US$22.99,https://m.media-amazon.com/images/I/71Nx0bV-enL._AC_UL320_.jpg
246,STAR WARS at Not Today 幽默搞笑哈特成人图案 T 恤,US$21.95,https://m.media-amazon.com/images/I/71R09sM+aYL._AC_UL320_.jpg
247,Marvel 美国队长隐形盾徽男士 T 恤,US$19.95,https://m.media-amazon.com/images/I/81yqXtksTTL._AC_UL320_.jpg
248,Marvel 圆领图案中性款 T 恤成人长袖 90 年代蜘蛛侠年龄白色休闲棉质衬衫,未标示价格,https://m.media-amazon.com/images/I/815-8wxXtKL._AC_UL320_.jpg
249,Marvel Graphic Tees Mens Shirts – Animated X-Men Black Long Sleeve Tee Shirts for Men,未标示价格,https://m.media-amazon.com/images/I/71yQf-9hA0L._AC_UL320_.jpg
250,米老鼠经典扎染复古迪士尼世界成人 T 恤图案 T 恤男士 T 恤服装,US$27.99,https://m.media-amazon.com/images/I/81wLyXUzqFL._AC_UL320_.jpg
251,Marvel 图案 T 恤 男式 T 恤 - X 战警黑色长袖 T 恤(S 码),未标示价格,https://m.media-amazon.com/images/I/81pTjEJiN3L._AC_UL320_.jpg
252,Marvel Graphic Tees Mens Shirts - Iron Man Stark Expo T Shirt - Expo Logo Shirts for Men,US$21.95,https://m.media-amazon.com/images/I/71bw69d-lDL._AC_UL320_.jpg
253,Marvel Mens T-Shirt- Giant Classic Avengers and More Artwork Under Title Image,未标示价格,https://m.media-amazon.com/images/I/819lhIBjofL._AC_UL320_.jpg
254,Captain Marvel Mens T-Shirt - Mighty Captain Marvel Cover Recreation,US$22.99,https://m.media-amazon.com/images/I/91G3VlqOdsL._AC_UL320_.jpg
255,Marvel Mens T-Shirt- Guardians of The Galaxy Iron Man & More in Logo,US$24.99,https://m.media-amazon.com/images/I/71-BSFs2jXL._AC_UL320_.jpg
256,Iron Man Mens T-Shirt - Marvel Comic Hero Preparing a Hand Blast,US$22.99,https://m.media-amazon.com/images/I/81tpuNZOAYL._AC_UL320_.jpg
257,Marvel Avengers 美国队长盾牌复仇者长袖成人 T 恤,US$27.95,https://m.media-amazon.com/images/I/61BgNYRQOQL._AC_UL320_.jpg
258,Marvel Studios Tour T-Shirt,未标示价格,https://m.media-amazon.com/images/I/51dVQIKtgpL._AC_UL320_.jpg
259,CHAMPRINT Super Batdad 蝙蝠英雄搞笑 T 恤礼物 爸爸父亲叔叔上衣 T 恤 男士,US$15.99,https://m.media-amazon.com/images/I/61-a4x3yzDL._AC_UL320_.jpg
260,Marvel 漫画人物服装成人 T 恤,US$24.99,https://m.media-amazon.com/images/I/71glQSybanL._AC_UL320_.jpg
261,Disney 漫威船长图案 T 恤,未标示价格,https://m.media-amazon.com/images/I/715a3kTBE4L._AC_UL320_.jpg
262,Disney 圣诞夜惊魂杰克斯凯林顿莎莉浪漫月亮长袖成人 T 恤,US$24.95,https://m.media-amazon.com/images/I/71NEJgSwdQL._AC_UL320_.jpg
263,Thanos (Marvel) Mens T-Shirt - Endgame Proud Standing Image (Medium) Blue,未标示价格,https://m.media-amazon.com/images/I/919ONyfY9VL._AC_UL320_.jpg
264,Thanos (Marvel) Mens T-Shirt - Endgame Proud Standing Image (Large) Blue,US$24.99,https://m.media-amazon.com/images/I/919ONyfY9VL._AC_UL320_.jpg
265,Black Panther (Marvel) Mens T-Shirt - Retro Styled Reaching Circle Image,US$24.99,https://m.media-amazon.com/images/I/91Wy9EogH7L._AC_UL320_.jpg
266,Thanos (Marvel) Mens T-Shirt - Endgame Proud Standing Image (X-Large) Blue,未标示价格,https://m.media-amazon.com/images/I/919ONyfY9VL._AC_UL320_.jpg
267,Black Panther (Marvel) Mens T-Shirt - Wakanda Forever Posed Under Name Logo,US$24.99,https://m.media-amazon.com/images/I/91piVMdbEJL._AC_UL320_.jpg
268,"Marvel Jem Mens 8-Bit Heroes and Villians Graphic T-Shirt, Black, XX-Large",US$15.81,https://m.media-amazon.com/images/I/719EaLgSAvL._AC_UL320_.jpg
269,Marvel Men's Superhero Character 3D Logo T-Shirt,US$12.99,https://m.media-amazon.com/images/I/81VZyJtfRHL._AC_UL320_.jpg
270,Disney 复仇者联盟最终游戏图案 T 恤,US$20.64,https://m.media-amazon.com/images/I/81O9HIsybQL._AC_UL320_.jpg
271,FIGLot 1/12 White Dress Shirt for Marvel Legends Mezco one:12 (Figure NOT Included),未标示价格,https://m.media-amazon.com/images/I/81OG1rjMGGL._AC_UL320_.jpg
272,Marvel 漫威男式神奇蜘蛛侠 T 恤,未标示价格,https://m.media-amazon.com/images/I/91UzZFqBExL._AC_UL320_.jpg
273,Marvel 图案 T 恤 男式 T 恤 - X 男士 T 恤 - 90 年代团队漫画衬衫,未标示价格,https://m.media-amazon.com/images/I/81Gaalvd+nL._AC_UL320_.jpg
274,Loki Tom Hiddleston Film Movie Men Unisex T-Shirt,US$22.99,https://m.media-amazon.com/images/I/61mj83Bkb8L._AC_UL320_.jpg
275,朋友恐怖万圣节 T 恤 Michael Myers Jason 恐怖电影礼物 T 恤适合女士男士,未标示价格,https://m.media-amazon.com/images/I/61lVeLQe6lL._AC_UL320_.jpg
276,Did I Do That?| 90 年代谚语搞笑 20 世纪 90 年代千年复古霓虹派对男士女式 T 恤,未标示价格,https://m.media-amazon.com/images/I/71Lt7F926ML._AC_UL320_.jpg
277,Marvel Comics Men's Iron Man 63 Football Jersey,US$25.26,https://m.media-amazon.com/images/I/61Atd+0qbKL._AC_UL320_.jpg
278,"I Went Outside Once, Graphics Weren't That Good | 趣味视频游戏玩家笑话男士趣味 T 恤",US$17.95,https://m.media-amazon.com/images/I/81iJq4K0FCL._AC_UL320_.jpg
279,GYM GALA 队长男式 3D 印花压缩运动健身 T 恤,US$21.99,https://m.media-amazon.com/images/I/616fRmdOyqL._AC_UL320_.jpg
280,Incredible Hulk Superhero Comic Movie T-Shirt,US$17.99,https://m.media-amazon.com/images/I/51fsYniH0-L._AC_UL320_.jpg
281,Mad Engine X-Men Comic Character Montage Adult T-Shirt,US$23.99,https://m.media-amazon.com/images/I/71yQ9y4HbBL._AC_UL320_.jpg
282,STAR WARS Mos Eisley Cantina Tatooine 男式成人图案 T 恤,US$23.99,https://m.media-amazon.com/images/I/8121RHIM+dL._AC_UL320_.jpg
283,Marvel 队徽填充黑豹绿巨人钢铁侠美国队长雷神黑寡妇成人 T 恤图案 T 恤男式 T 恤,US$26.99,https://m.media-amazon.com/images/I/71+D-SISxnL._AC_UL320_.jpg
284,Marvel Comics Retro Slanted Logo Adult T-Shirt,US$16.99,https://m.media-amazon.com/images/I/61-XxcmyeXL._AC_UL320_.jpg
285,复仇者联盟结束游戏衬衫男式电影人物 T 恤,未标示价格,https://m.media-amazon.com/images/I/71uKP6thAJL._AC_UL320_.jpg
286,Marvel 图案 T 恤 男式 T 恤 - X 男士白色长袖 T 恤,未标示价格,https://m.media-amazon.com/images/I/8105jHbkqcL._AC_UL320_.jpg
287,Avengers Avenge Time Hawkeye 绿巨人钢铁侠美国队长雷神黑寡妇成人男式图案 T 恤服装,US$22.99,https://m.media-amazon.com/images/I/71w96FcZ+SL._AC_UL320_.jpg
288,惩罚者-男士无汗T恤,US$21.17,https://m.media-amazon.com/images/I/61AwALuYapL._AC_UL320_.jpg
289,Marvel Comics Vintage Retro Characters Inside Logo Adult Men's T-Shirt,US$16.25,https://m.media-amazon.com/images/I/712nDrq1fXL._AC_UL320_.jpg
290,Marvel 图案 T 恤 男式 T 恤 - 复古团体长袖 T 恤,未标示价格,https://m.media-amazon.com/images/I/81pu8oYoNpL._AC_UL320_.jpg
291,Marvel 图案 T 恤 男式 T 恤 - X 男士 T 恤 - 90 年代 X 女士衬衫 男式,未标示价格,https://m.media-amazon.com/images/I/81p1QwrO37L._AC_UL320_.jpg
292,The Guitar Father | 趣味音乐演奏家音乐家挑选幽默男士女士笑话 T 恤,US$19.95,https://m.media-amazon.com/images/I/61OWSuhk8RL._AC_UL320_.jpg
293,Marvel 图案 T 恤徽标男式 T 恤标志 Full of Comics Since 1939 T 恤 - 男式棉质衬衫,未标示价格,https://m.media-amazon.com/images/I/71EceMehRfL._AC_UL320_.jpg
294,Marvel 死侍图案 T 恤 - 最大努力奋力 - 男士黑色衬衫 - 男式 T 恤,未标示价格,https://m.media-amazon.com/images/I/71jRnGbFtNL._AC_UL320_.jpg
295,Marvel 复仇者联盟绿巨人美国队长钢铁侠蜘蛛侠雷神寡妇漫画成人 T 恤图案 T 恤男式 T 恤,US$27.99,https://m.media-amazon.com/images/I/71bZ5P4cKsL._AC_UL320_.jpg
296,Marvel 漫威灭霸复仇者无限手套绿巨人蜘蛛侠钢铁侠奇怪成人 T 恤图案 T 恤男式 T 恤服装,US$24.99,https://m.media-amazon.com/images/I/816a5X5cwBL._AC_UL320_.jpg
297,Marvel 漫威经典 X 战警全队金刚狼 Gambit 成人 T 恤,未标示价格,https://m.media-amazon.com/images/I/71U-LygiQHL._AC_UL320_.jpg
298,漫威医生奇迹神秘艺术官方授权成人 T 恤,未标示价格,https://m.media-amazon.com/images/I/819DmSKy5gL._AC_UL320_.jpg
299,Disney 男士经典米老鼠全尺寸图案短袖 T 恤,未标示价格,https://m.media-amazon.com/images/I/81W5Co5gPIL._AC_UL320_.jpg
300,Marvel 蜘蛛侠:远离家 - 隐形西装短袖 T 恤,US$24.99,https://m.media-amazon.com/images/I/612Zuf+QX+L._AC_UL320_.jpg
301,Marvel 蜘蛛侠:远离家乡隐秘套装标志短袖 T 恤,US$18.99,https://m.media-amazon.com/images/I/51533SE3IhL._AC_UL320_.jpg
302,American Classics Popeye The Sailor Man 卡通漫画人物最佳流行白色成人 T 恤,US$16.95,https://m.media-amazon.com/images/I/61VT-9Ue3TL._AC_UL320_.jpg
303,星球大战帝国三月床单成人 T 恤,US$19.99,https://m.media-amazon.com/images/I/91fal0JTQ-S._AC_UL320_.jpg
304,Top Grandpa Pocket T 恤 | 趣味爸爸幽默电影枪械空军男士 T 恤,未标示价格,https://m.media-amazon.com/images/I/716JY72yh1L._AC_UL320_.jpg
